DATE,LIBOR,CPI,IR,UNEMP,MR,HPI,rGDP
1947-01,,0.2148,,,,,
1947-02,,0.2162,,,,,
1947-03,,0.22,,,,,
1947-04,,0.22,,,,,
1947-05,,0.2195,,,,,
1947-06,,0.2208,,,,,
1947-07,,0.2223,,,,,
1947-08,,0.22399999999999998,,,,,
1947-09,,0.2284,,,,,
1947-10,,0.2291,,,,,
1947-11,,0.2306,,,,,
1947-12,,0.2341,,,,,
1948-01,,0.2368,,,,,
1948-02,,0.23670000000000002,,,,,
1948-03,,0.235,,,,,
1948-04,,0.2382,,,,,
1948-05,,0.2401,,,,,
1948-06,,0.2415,,,,,
1948-07,,0.244,,,,,
1948-08,,0.2443,,,,,
1948-09,,0.24359999999999998,,,,,
1948-10,,0.24309999999999998,,,,,
1948-11,,0.2416,,,,,
1948-12,,0.24050000000000002,,,,,
1949-01,,0.2401,,,,,
1949-02,,0.2391,,,,,
1949-03,,0.2391,,,,,
1949-04,,0.23920000000000002,,,,,
1949-05,,0.2391,,,,,
1949-06,,0.23920000000000002,,,,,
1949-07,,0.237,,,,,
1949-08,,0.237,,,,,
1949-09,,0.2375,,,,,
1949-10,,0.23670000000000002,,,,,
1949-11,,0.237,,,,,
1949-12,,0.2361,,,,,
1950-01,,0.2351,0.015,,,,
1950-02,,0.2361,0.015,,,,
1950-03,,0.2364,0.015,,,,
1950-04,,0.2365,0.015,,,,
1950-05,,0.2377,0.015,,,,
1950-06,,0.23879999999999998,0.015,,,,
1950-07,,0.2407,0.015,,,,
1950-08,,0.242,0.0159,,,,
1950-09,,0.2434,0.0175,,,,
1950-10,,0.245,0.0175,,,,
1950-11,,0.24600000000000002,0.0175,,,,
1950-12,,0.2498,0.0175,,,,
1951-01,,0.25379999999999997,0.0175,,,,
1951-02,,0.2583,0.0175,,,,
1951-03,,0.2588,0.0175,,,,
1951-04,,0.25920000000000004,0.0175,,,,
1951-05,,0.25989999999999996,0.0175,,,,
1951-06,,0.2593,0.0175,,,,
1951-07,,0.2591,0.0175,,,,
1951-08,,0.2586,0.0175,,,,
1951-09,,0.26030000000000003,0.0175,,,,
1951-10,,0.2616,0.0175,,,,
1951-11,,0.2632,0.0175,,,,
1951-12,,0.2647,0.0175,,,,
1952-01,,0.2645,0.0175,,,,
1952-02,,0.2641,0.0175,,,,
1952-03,,0.2639,0.0175,,,,
1952-04,,0.2646,0.0175,,,,
1952-05,,0.2647,0.0175,,,,
1952-06,,0.26530000000000004,0.0175,,,,
1952-07,,0.2668,0.0175,,,,
1952-08,,0.2669,0.0175,,,,
1952-09,,0.2663,0.0175,,,,
1952-10,,0.2669,0.0175,,,,
1952-11,,0.2669,0.0175,,,,
1952-12,,0.2671,0.0175,,,,
1953-01,,0.2664,0.018799999999999997,,,,
1953-02,,0.2659,0.02,,,,
1953-03,,0.2663,0.02,,,,
1953-04,,0.2669,0.02,,,,
1953-05,,0.267,0.02,,,,
1953-06,,0.2677,0.02,,,,
1953-07,,0.26789999999999997,0.02,,,,
1953-08,,0.2685,0.02,,,,
1953-09,,0.26890000000000003,0.02,,,,
1953-10,,0.2695,0.02,,,,
1953-11,,0.2685,0.02,,,,
1953-12,,0.2687,0.02,,,,
1954-01,,0.26940000000000003,0.02,,,,
1954-02,,0.2699,0.0179,,,,
1954-03,,0.2693,0.0175,,,,
1954-04,,0.2686,0.0163,,,,
1954-05,,0.2693,0.015,,,,
1954-06,,0.26940000000000003,0.015,,,,
1954-07,,0.2686,0.015,,,,
1954-08,,0.2685,0.015,,,,
1954-09,,0.2681,0.015,,,,
1954-10,,0.2672,0.015,,,,
1954-11,,0.26780000000000004,0.015,,,,
1954-12,,0.2677,0.015,,,,
1955-01,,0.2677,0.015,,,,
1955-02,,0.2682,0.015,,,,
1955-03,,0.26789999999999997,0.015,,,,
1955-04,,0.26789999999999997,0.0163,,,,
1955-05,,0.2677,0.0175,,,,
1955-06,,0.2671,0.0175,,,,
1955-07,,0.2676,0.0175,,,,
1955-08,,0.2672,0.0197,,,,
1955-09,,0.2685,0.0218,,,,
1955-10,,0.2682,0.0225,,,,
1955-11,,0.2688,0.0236,,,,
1955-12,,0.2687,0.025,,,,
1956-01,,0.2683,0.025,,,,
1956-02,,0.2686,0.025,,,,
1956-03,,0.26890000000000003,0.025,,,,
1956-04,,0.2693,0.0265,,,,
1956-05,,0.2703,0.0275,,,,
1956-06,,0.27149999999999996,0.0275,,,,
1956-07,,0.2729,0.0275,,,,
1956-08,,0.2731,0.0281,,,,
1956-09,,0.2735,0.03,,,,
1956-10,,0.2751,0.03,,,,
1956-11,,0.2751,0.03,,,,
1956-12,,0.2763,0.03,,,,
1957-01,,0.2767,0.03,,,,
1957-02,,0.278,0.03,,,,
1957-03,,0.2786,0.03,,,,
1957-04,,0.2793,0.03,,,,
1957-05,,0.28,0.03,,,,
1957-06,,0.2811,0.03,,,,
1957-07,,0.28190000000000004,0.03,,,,
1957-08,,0.2828,0.0315,,,,
1957-09,,0.2832,0.035,,,,
1957-10,,0.2832,0.035,,,,
1957-11,,0.2841,0.0323,,,,
1957-12,,0.2847,0.03,,,,
1958-01,,0.2864,0.0294,,,,
1958-02,,0.287,0.0275,,,,
1958-03,,0.2887,0.0235,,,,
1958-04,,0.2894,0.0203,,,,
1958-05,,0.2894,0.0175,,,,
1958-06,,0.2891,0.0175,,,,
1958-07,,0.2889,0.0175,,,,
1958-08,,0.2894,0.0175,,,,
1958-09,,0.2891,0.0191,,,,
1958-10,,0.2891,0.02,,,,
1958-11,,0.2895,0.024,,,,
1958-12,,0.2897,0.025,,,,
1959-01,,0.2901,0.025,,,,
1959-02,,0.29,0.025,,,,
1959-03,,0.2897,0.0292,,,,
1959-04,,0.2898,0.03,,,,
1959-05,,0.2904,0.0305,,,,
1959-06,,0.29109999999999997,0.035,,,,
1959-07,,0.2915,0.035,,,,
1959-08,,0.2918,0.035,,,,
1959-09,,0.2925,0.0383,,,,
1959-10,,0.29350000000000004,0.04,,,,
1959-11,,0.29350000000000004,0.04,,,,
1959-12,,0.29410000000000003,0.04,,,,
1960-01,,0.2937,0.04,,,,
1960-02,,0.29410000000000003,0.04,,,,
1960-03,,0.29410000000000003,0.04,,,,
1960-04,,0.2954,0.04,,,,
1960-05,,0.2957,0.04,,,,
1960-06,,0.2961,0.0365,,,,
1960-07,,0.2955,0.035,,,,
1960-08,,0.2961,0.0318,,,,
1960-09,,0.2961,0.03,,,,
1960-10,,0.2975,0.03,,,,
1960-11,,0.2978,0.03,,,,
1960-12,,0.2981,0.03,,,,
1961-01,,0.2984,0.03,,,,
1961-02,,0.2984,0.03,,,,
1961-03,,0.2984,0.03,,,,
1961-04,,0.2981,0.03,,,,
1961-05,,0.2984,0.03,,,,
1961-06,,0.2984,0.03,,,,
1961-07,,0.2992,0.03,,,,
1961-08,,0.2994,0.03,,,,
1961-09,,0.2998,0.03,,,,
1961-10,,0.2998,0.03,,,,
1961-11,,0.2998,0.03,,,,
1961-12,,0.30010000000000003,0.03,,,,
1962-01,,0.3004,0.03,,,,
1962-02,,0.3011,0.03,,,,
1962-03,,0.3017,0.03,,,,
1962-04,,0.30210000000000004,0.03,,,,
1962-05,,0.3024,0.03,,,,
1962-06,,0.30210000000000004,0.03,,,,
1962-07,,0.30219999999999997,0.03,,,,
1962-08,,0.3028,0.03,,,,
1962-09,,0.3042,0.03,,,,
1962-10,,0.3038,0.03,,,,
1962-11,,0.3038,0.03,,,,
1962-12,,0.3038,0.03,,,,
1963-01,,0.3044,0.03,,,,
1963-02,,0.3048,0.03,,,,
1963-03,,0.30510000000000004,0.03,,,,
1963-04,,0.3048,0.03,,,,
1963-05,,0.30510000000000004,0.03,,,,
1963-06,,0.3061,0.03,,,,
1963-07,,0.3069,0.032400000000000005,,,,
1963-08,,0.3075,0.035,,,,
1963-09,,0.3072,0.035,,,,
1963-10,,0.3075,0.035,,,,
1963-11,,0.3078,0.035,,,,
1963-12,,0.30879999999999996,0.035,,,,
1964-01,,0.3094,0.035,,,,
1964-02,,0.3091,0.035,,,,
1964-03,,0.3094,0.035,,,,
1964-04,,0.3095,0.035,,,,
1964-05,,0.3098,0.035,,,,
1964-06,,0.31010000000000004,0.035,,,,
1964-07,,0.3102,0.035,,,,
1964-08,,0.3105,0.035,,,,
1964-09,,0.31079999999999997,0.035,,,,
1964-10,,0.31120000000000003,0.035,,,,
1964-11,,0.3121,0.0362,,,,
1964-12,,0.3125,0.04,,,,
1965-01,,0.3128,0.04,,,,
1965-02,,0.3128,0.04,,,,
1965-03,,0.3131,0.04,,,,
1965-04,,0.31379999999999997,0.04,,,,
1965-05,,0.3148,0.04,,,,
1965-06,,0.3161,0.04,,,,
1965-07,,0.31579999999999997,0.04,,,,
1965-08,,0.3155,0.04,,,,
1965-09,,0.31620000000000004,0.04,,,,
1965-10,,0.3165,0.04,,,,
1965-11,,0.3175,0.04,,,,
1965-12,,0.3185,0.044199999999999996,,,,
1966-01,,0.3188,0.045,,,,
1966-02,,0.3208,0.045,,,,
1966-03,,0.3218,0.045,,,,
1966-04,,0.32280000000000003,0.045,,,,
1966-05,,0.3235,0.045,,,,
1966-06,,0.32380000000000003,0.045,,,,
1966-07,,0.3245,0.045,,,,
1966-08,,0.3265,0.045,,,,
1966-09,,0.3275,0.045,,,,
1966-10,,0.3285,0.045,,,,
1966-11,,0.32880000000000004,0.045,,,,
1966-12,,0.3292,0.045,,,,
1967-01,,0.32899999999999996,0.045,,,,
1967-02,,0.33,0.045,,,,
1967-03,,0.33,0.045,,,,
1967-04,,0.331,0.040999999999999995,,,,
1967-05,,0.331,0.04,,,,
1967-06,,0.33299999999999996,0.04,,,,
1967-07,,0.33399999999999996,0.04,,,,
1967-08,,0.335,0.04,,,,
1967-09,,0.336,0.04,,,,
1967-10,,0.337,0.04,,,,
1967-11,,0.33899999999999997,0.0418,,,,
1967-12,,0.34,0.045,,,,
1968-01,,0.341,0.045,,,,
1968-02,,0.342,0.045,,,,
1968-03,,0.34299999999999997,0.0466,,,,
1968-04,,0.344,0.052000000000000005,,,,
1968-05,,0.345,0.055,,,,
1968-06,,0.34700000000000003,0.055,,,,
1968-07,,0.349,0.055,,,,
1968-08,,0.35,0.0548,,,,
1968-09,,0.35100000000000003,0.0525,,,,
1968-10,,0.353,0.0525,,,,
1968-11,,0.354,0.0525,,,,
1968-12,,0.35600000000000004,0.0536,,,,
1969-01,,0.35700000000000004,0.055,,,,
1969-02,,0.358,0.055,,,,
1969-03,,0.361,0.055,,,,
1969-04,,0.363,0.059500000000000004,,,,
1969-05,,0.364,0.06,,,,
1969-06,,0.366,0.06,,,,
1969-07,,0.368,0.06,,,,
1969-08,,0.369,0.06,,,,
1969-09,,0.371,0.06,,,,
1969-10,,0.373,0.06,,,,
1969-11,,0.375,0.06,,,,
1969-12,,0.377,0.06,,,,
1970-01,,0.379,0.06,0.0389405433225166,,,
1970-02,,0.381,0.06,0.04234225982298351,,,
1970-03,,0.38299999999999995,0.06,0.043811753364869,,,
1970-04,,0.385,0.06,0.0458142211917916,,,
1970-05,,0.386,0.06,0.046729589138582994,,,
1970-06,,0.38799999999999996,0.06,0.05176440010361429,,,
1970-07,,0.389,0.06,0.05213048580468071,,,
1970-08,,0.39,0.06,0.0526367605438375,,,
1970-09,,0.392,0.06,0.054790627341465496,,,
1970-10,,0.39399999999999996,0.06,0.05670899173458401,,,
1970-11,,0.396,0.058499999999999996,0.0586344003627244,,,
1970-12,,0.39799999999999996,0.0552,0.05939883875125299,,,
1971-01,,0.39899999999999997,0.052300000000000006,0.0599205159082362,,,
1971-02,,0.39899999999999997,0.049100000000000005,0.0597013209012263,,,
1971-03,,0.4,0.0475,0.060172396885101405,,,
1971-04,,0.401,0.0475,0.059847984886905,0.0731,,
1971-05,,0.40299999999999997,0.0475,0.0600158384097504,0.07425000000000001,,
1971-06,,0.405,0.0475,0.0607593710097696,0.07529999999999999,,
1971-07,,0.406,0.048799999999999996,0.0613473495090222,0.07604,,
1971-08,,0.40700000000000003,0.05,0.06194962359837249,0.076975,,
1971-09,,0.408,0.05,0.060714266863956506,0.076875,,
1971-10,,0.409,0.05,0.0598594220912645,0.07628,,
1971-11,,0.41,0.049,0.060418763769815295,0.07549999999999998,,
1971-12,,0.41100000000000003,0.0463,0.059261761095911296,0.07480000000000002,,
1972-01,,0.41200000000000003,0.045,0.059240024504534104,0.074375,,
1972-02,,0.414,0.045,0.0578982693224231,0.07325,,
1972-03,,0.414,0.045,0.058824694959652805,0.07297999999999999,,
1972-04,,0.415,0.045,0.0580796686145724,0.07289999999999999,,
1972-05,,0.41600000000000004,0.045,0.057404803441461205,0.073725,,
1972-06,,0.41700000000000004,0.045,0.0579188209475424,0.07372,,
1972-07,,0.418,0.045,0.0575733057067195,0.07395,,
1972-08,,0.419,0.045,0.05721283666391701,0.07400000000000001,,
1972-09,,0.42100000000000004,0.045,0.056209605049338494,0.07419999999999999,,
1972-10,,0.42200000000000004,0.045,0.056333119324288895,0.0742,,
1972-11,,0.424,0.045,0.05233557692047731,0.07427500000000001,,
1972-12,,0.425,0.045,0.0510075140108401,0.07442,,
1973-01,,0.42700000000000005,0.04769999999999999,0.050127072075916,0.074375,,
1973-02,,0.43,0.050499999999999996,0.05106952721626581,0.0744,,
1973-03,,0.434,0.055,0.0500736636339008,0.07458000000000001,,
1973-04,,0.43700000000000006,0.055,0.05076011779925391,0.07542499999999999,,
1973-05,,0.439,0.059000000000000004,0.0491162995063835,0.076525,,
1973-06,,0.442,0.0633,0.0503731198733567,0.07734,,
1973-07,,0.442,0.0698,0.0494058661603375,0.08049999999999999,,
1973-08,,0.45,0.0729,0.048744104688308705,0.08496000000000001,,
1973-09,,0.452,0.075,0.0489459014558733,0.08814999999999999,,
1973-10,,0.456,0.075,0.0465616049222609,0.0877,,
1973-11,,0.45899999999999996,0.075,0.04836424475581,0.08582,,
1973-12,,0.46299999999999997,0.075,0.0489550982374514,0.08537499999999999,,
1974-01,,0.46799999999999997,0.075,0.051529527222439,0.08539999999999999,,
1974-02,,0.473,0.075,0.0522070359269203,0.08455,,
1974-03,,0.478,0.075,0.051117206890136505,0.08406000000000001,,
1974-04,,0.48100000000000004,0.076,0.050842301361712,0.085825,,
1974-05,,0.486,0.08,0.051923812956533394,0.08972,,
1974-06,,0.49,0.08,0.0552161838893422,0.09085000000000001,,
1974-07,,0.493,0.08,0.056081048102160594,0.0928,,
1974-08,,0.499,0.08,0.055388704535040204,0.09586,,
1974-09,,0.506,0.08,0.060039897486930796,0.099575,,
1974-10,,0.51,0.08,0.0608166818310758,0.09977499999999999,,
1974-11,,0.515,0.08,0.06643621653791701,0.09788000000000001,,
1974-12,,0.519,0.0781,0.07179931310561968,0.09615,,
1975-01,,0.523,0.07400000000000001,0.0820365578485641,0.09431999999999999,,
1975-02,,0.526,0.0682,0.0827536637992586,0.09105,,
1975-03,,0.528,0.064,0.0872964976454187,0.08902499999999999,,
1975-04,,0.53,0.0625,0.08931710859332462,0.0882,,
1975-05,,0.531,0.061200000000000004,0.09165500676566321,0.08906,,
1975-06,,0.535,0.06,0.0864921729410069,0.088925,,
1975-07,,0.54,0.06,0.08590267212198639,0.0889,,
1975-08,,0.542,0.06,0.0853257581991233,0.08941999999999999,,
1975-09,,0.546,0.06,0.0858431584542869,0.0913,,
1975-10,,0.5489999999999999,0.06,0.085268668410915,0.09224,,
1975-11,,0.5529999999999999,0.06,0.08268221345778219,0.09144999999999999,,
1975-12,,0.556,0.06,0.0821088574295918,0.090975,,
1976-01,,0.5579999999999999,0.0579,0.0803124358236799,0.09016,,
1976-02,,0.5589999999999999,0.055,0.0787215534440282,0.088125,,
1976-03,,0.56,0.055,0.07717970093660019,0.08754999999999999,,
1976-04,,0.561,0.055,0.0775870175945197,0.0873,,
1976-05,,0.564,0.055,0.0746794220137264,0.08765,,
1976-06,,0.5670000000000001,0.055,0.07598037422892849,0.088475,,
1976-07,,0.57,0.055,0.07724259932318361,0.08934000000000002,,
1976-08,,0.573,0.055,0.0785913776305435,0.09,,
1976-09,,0.5760000000000001,0.055,0.07782557549023429,0.089775,,
1976-10,,0.579,0.055,0.07808012098681151,0.08929999999999999,,
1976-11,,0.581,0.054299999999999994,0.07853919288541661,0.088125,,
1976-12,,0.584,0.0525,0.0784061530072883,0.08792,,
1977-01,,0.5870000000000001,0.0525,0.075657382831993,0.087225,,
1977-02,,0.593,0.0525,0.0773051414687308,0.0867,,
1977-03,,0.596,0.0525,0.07569500071575591,0.086875,,
1977-04,,0.6,0.0525,0.072273319647866,0.08751999999999999,,
1977-05,,0.602,0.0525,0.070529774867604,0.088275,,
1977-06,,0.605,0.0525,0.0720807154043177,0.088575,,
1977-07,,0.608,0.0525,0.06936097766734589,0.08942,,
1977-08,,0.611,0.0527,0.0706037458923964,0.0894,,
1977-09,,0.613,0.0575,0.06887055048994331,0.08895999999999998,,
1977-10,,0.616,0.057999999999999996,0.0685784975448484,0.089225,,
1977-11,,0.62,0.06,0.0678959885164024,0.089225,,
1977-12,,0.623,0.06,0.0638698192705142,0.08959999999999999,,
1978-01,,0.627,0.0637,0.064854814571664,0.09015000000000001,,
1978-02,,0.63,0.065,0.0633828608664651,0.09144999999999999,,
1978-03,,0.634,0.065,0.0635024663681823,0.09202000000000002,,
1978-04,,0.639,0.065,0.0608447293135375,0.09355000000000001,,
1978-05,,0.645,0.0684,0.0603802582689078,0.095725,,
1978-06,,0.65,0.07,0.05964509988398071,0.09708000000000001,,
1978-07,,0.655,0.0723,0.0622644697690488,0.0974,,
1978-08,,0.659,0.07429999999999999,0.060144539573872696,0.09785,,
1978-09,,0.665,0.0783,0.0602998121848387,0.09756000000000001,,
1978-10,,0.6709999999999999,0.08259999999999999,0.058739897026849903,0.098575,,
1978-11,,0.675,0.095,0.0592534738894153,0.101075,,
1978-12,,0.679,0.095,0.06075755625953241,0.10346,,
1979-01,,0.685,0.095,0.05918837626450241,0.1039,,
1979-02,,0.6920000000000001,0.095,0.059463808462918905,0.10407499999999999,,
1979-03,,0.6990000000000001,0.095,0.05901286386020559,0.10425999999999998,,
1979-04,,0.706,0.095,0.05833716770857719,0.104975,,
1979-05,,0.7140000000000001,0.095,0.0567934730159389,0.10690000000000001,,
1979-06,,0.722,0.095,0.058175370908906204,0.11036000000000001,,
1979-07,,0.73,0.0969,0.05823828231191059,0.110925,,
1979-08,,0.737,0.1024,0.0609292964052117,0.11094000000000001,,
1979-09,,0.7440000000000001,0.107,0.0593950705527251,0.113,,
1979-10,,0.752,0.1177,0.060586336881537806,0.11637499999999999,,
1979-11,,0.76,0.12,0.0599188156631386,0.12830000000000003,,
1979-12,,0.769,0.12,0.0608892202284726,0.129,,
1980-01,,0.78,0.12,0.0634826122723492,0.128775,,
1980-02,,0.79,0.1252,0.063311663857928,0.13040000000000002,,
1980-03,,0.8009999999999999,0.13,0.0645376047432811,0.152825,,
1980-04,,0.809,0.13,0.06987384504681579,0.16325000000000003,,
1980-05,,0.8170000000000001,0.1294,0.0761929925897267,0.14262,,
1980-06,,0.825,0.114,0.0760497075326705,0.12710000000000002,,
1980-07,,0.826,0.10869999999999999,0.0785637383794785,0.121925,,
1980-08,,0.8320000000000001,0.1,0.07855815247845321,0.1256,,
1980-09,,0.8390000000000001,0.1017,0.0761724635446238,0.131975,,
1980-10,,0.847,0.11,0.0772268354078259,0.13792000000000001,,
1980-11,,0.856,0.11470000000000001,0.0758341080502568,0.14205,,
1980-12,,0.8640000000000001,0.12869999999999998,0.07403144464508679,0.1479,,
1981-01,,0.872,0.13,0.07573581353543961,0.14904,,
1981-02,,0.88,0.13,0.0749029194927946,0.15132500000000002,,
1981-03,,0.8859999999999999,0.13,0.07493391415950179,0.154,,
1981-04,,0.8909999999999999,0.13,0.0736657203173942,0.1558,,
1981-05,,0.897,0.1387,0.0764959837254684,0.16401999999999997,,
1981-06,,0.905,0.14,0.075311141772595,0.16695000000000002,,
1981-07,,0.915,0.14,0.0737389417670796,0.16832,,
1981-08,,0.922,0.14,0.0753310814133356,0.17285,,
1981-09,,0.9309999999999999,0.14,0.0773207281257092,0.1816,,
1981-10,,0.934,0.14,0.08097165947905559,0.18454,,
1981-11,,0.938,0.1303,0.0842410614393046,0.17825000000000002,,
1981-12,,0.941,0.121,0.08786847834096809,0.16945999999999997,,
1982-01,,0.9440000000000001,0.12,0.0873950971434132,0.17485,,
1982-02,,0.9470000000000001,0.12,0.08951162912074491,0.17597499999999996,,
1982-03,,0.9470000000000001,0.12,0.09208766008398118,0.17160000000000003,,
1982-04,,0.95,0.12,0.09561193130809689,0.16892000000000004,,
1982-05,,0.9590000000000001,0.12,0.09695001486382882,0.16677499999999998,,
1982-06,,0.97,0.12,0.0961779226686609,0.16697499999999998,,
1982-07,,0.975,0.11810000000000001,0.0991850313662926,0.16815999999999995,,
1982-08,,0.977,0.10679999999999999,0.100280148734779,0.16269999999999998,,
1982-09,,0.977,0.1,0.103209183393993,0.1543,,
1982-10,,0.981,0.0968,0.10653602682586599,0.14608000000000002,,
1982-11,,0.98,0.0935,0.109497469007787,0.13824999999999998,,
1982-12,,0.977,0.0873,0.111131821983659,0.13624,,
1983-01,,0.9790000000000001,0.085,0.10582954239924501,0.132475,,
1983-02,,0.98,0.085,0.10538690689990599,0.130425,,
1983-03,,0.981,0.085,0.105310881277941,0.128,,
1983-04,,0.988,0.085,0.104620445897017,0.12782,,
1983-05,,0.992,0.085,0.10388837129100599,0.126325,,
1983-06,,0.9940000000000001,0.085,0.100478867878313,0.1287,,
1983-07,,0.998,0.085,0.0948292905749551,0.13422,,
1983-08,,1.001,0.085,0.09600197393997212,0.1381,,
1983-09,,1.004,0.085,0.09299603513658632,0.13726,,
1983-10,,1.008,0.085,0.0903342911607126,0.13534999999999997,,
1983-11,,1.011,0.085,0.08633720404741371,0.13435,,
1983-12,,1.014,0.085,0.08515503861105589,0.13419999999999999,,
1984-01,,1.021,0.085,0.08148082084014639,0.133675,,
1984-02,,1.026,0.085,0.0789017041717528,0.132325,,
1984-03,,1.0290000000000001,0.085,0.07885627596084531,0.13385999999999998,,
1984-04,,1.033,0.08869999999999999,0.0790642966734819,0.136525,,
1984-05,,1.035,0.09,0.0761909520423953,0.139425,,
1984-06,,1.037,0.09,0.07319267828908861,0.14416,,
1984-07,,1.041,0.09,0.0755321826385112,0.146675,,
1984-08,,1.044,0.09,0.0757856060194809,0.1447,,
1984-09,,1.047,0.09,0.07477667585724959,0.1435,,
1984-10,,1.051,0.09,0.0748288710402958,0.14129999999999998,,
1984-11,,1.053,0.0883,0.0729138531513066,0.13638,,
1984-12,,1.055,0.0837,0.0744285727093313,0.1318,,
1985-01,,1.057,0.08,0.0745964996382431,0.13075,,
1985-02,,1.063,0.08,0.0731801637002085,0.1292,,
1985-03,,1.068,0.08,0.0733966193507008,0.13169999999999998,,
1985-04,,1.07,0.08,0.074138854933314,0.13194999999999998,,
1985-05,,1.072,0.0781,0.0736824292805231,0.12913999999999998,,
1985-06,,1.075,0.075,0.07386625023589839,0.12215,,
1985-07,,1.077,0.075,0.07405080148700839,0.120325,,
1985-08,,1.079,0.075,0.07188071228983742,0.12186,,
1985-09,,1.081,0.075,0.07267599851842389,0.121925,,
1985-10,,1.085,0.075,0.0728800284238718,0.12135,,
1985-11,,1.09,0.075,0.07118295149011639,0.11784,,
1985-12,,1.095,0.075,0.0710881808103075,0.11260000000000002,,
1986-01,0.08167613636363637,1.099,0.075,0.06820190966722149,0.10886,,
1986-02,0.08007819999999999,1.097,0.075,0.0728007700967783,0.10709999999999999,,
1986-03,0.07648031578947369,1.091,0.071,0.0723532117757162,0.1008,,
1986-04,0.07038354545454545,1.087,0.0683,0.0729095522143222,0.099375,,
1986-05,0.07032814999999999,1.09,0.065,0.073435098479772,0.10144,,
1986-06,0.07099704761904761,1.094,0.065,0.0722613179977591,0.10682499999999999,,
1986-07,0.06726904347826086,1.095,0.0616,0.0708653989728553,0.105075,,
1986-08,0.06262505,1.0959999999999999,0.0582,0.0695672696270104,0.102,,
1986-09,0.06071022727272728,1.1,0.055,0.07155507902086639,0.100075,,
1986-10,0.06007478260869567,1.102,0.055,0.07073246392679289,0.09974,,
1986-11,0.061179700000000004,1.104,0.055,0.07018481467139179,0.09695000000000001,,
1986-12,0.06924104761904762,1.1079999999999999,0.055,0.06746357013616179,0.09309999999999999,,
1987-01,0.06261161428571428,1.114,0.055,0.0677985045693206,0.09203999999999998,0.63988,
1987-02,0.06378907,1.1179999999999999,0.055,0.0671319217681946,0.09082499999999999,0.64447,
1987-03,0.06510653636363636,1.122,0.055,0.066742404730672,0.09035,0.64762,
1987-04,0.06675,1.127,0.055,0.06451402669898519,0.098325,0.65155,
1987-05,0.07088815789473685,1.13,0.055,0.0645170198323542,0.10596,0.6558499999999999,
1987-06,0.07122160454545454,1.135,0.055,0.06264133970733651,0.105375,0.66089,
1987-07,0.0681997304347826,1.138,0.055,0.06147583331679139,0.10278000000000001,0.66521,
1987-08,0.06809376,1.143,0.055,0.0609250132386539,0.1033,0.6695,
1987-09,0.07477272727272727,1.147,0.059500000000000004,0.060219335791225195,0.108875,0.6734399999999999,
1987-10,0.07650568181818182,1.15,0.06,0.060935421671550596,0.11259999999999999,0.67756,
1987-11,0.07022321904761904,1.1540000000000001,0.06,0.0595666874908375,0.10649999999999998,0.68122,
1987-12,0.08125744285714286,1.156,0.06,0.05804184163963879,0.1064,0.68523,
1988-01,0.07004687999999999,1.16,0.06,0.05839487353078861,0.103825,0.68875,
1988-02,0.06773065714285714,1.162,0.06,0.0581268492042119,0.098925,0.6927800000000001,
1988-03,0.06797554782608695,1.165,0.06,0.05748951364369921,0.09930000000000001,0.6965600000000001,
1988-04,0.07043585789473684,1.172,0.06,0.0554370012262779,0.10202000000000001,0.69986,
1988-05,0.072796885,1.175,0.06,0.056916926283099606,0.10455,0.7043300000000001,
1988-06,0.07650568181818182,1.18,0.06,0.05470391311045541,0.10459999999999998,0.70895,
1988-07,0.07962053809523809,1.185,0.06,0.0551505902258731,0.10432000000000001,0.7136100000000001,
1988-08,0.0827699,1.19,0.0637,0.0563774753394006,0.105975,0.7180599999999999,
1988-09,0.08296875454545453,1.195,0.065,0.0551732026605902,0.1048,0.72247,
1988-10,0.08330357142857142,1.199,0.065,0.05443327937689201,0.103025,0.72646,
1988-11,0.08659090909090908,1.203,0.065,0.054484512621481906,0.10265,0.73083,
1988-12,0.09579688000000001,1.207,0.065,0.053653928175456604,0.10612,0.7347399999999997,
1989-01,0.0925,1.212,0.065,0.054976247271838294,0.1073,0.73953,
1989-02,0.09515625,1.216,0.0659,0.052184267594569095,0.10644999999999999,0.7438800000000001,
1989-03,0.1009375,1.222,0.07,0.051010502912130995,0.11032,0.74786,
1989-04,0.099875,1.2309999999999999,0.07,0.0530442054696485,0.1105,0.7509,
1989-05,0.09769345714285714,1.237,0.07,0.052616302966503,0.10772499999999999,0.7531100000000001,
1989-06,0.09519176363636364,1.2409999999999999,0.07,0.053919217347874804,0.10196,0.75483,
1989-07,0.09125,1.245,0.07,0.053407460021901304,0.098825,0.75664,
1989-08,0.08926136363636364,1.245,0.07,0.052754390500950495,0.09985,0.75842,
1989-09,0.08994047619047618,1.248,0.07,0.053951034752109404,0.10125999999999999,0.7606,
1989-10,0.08796165,1.254,0.07,0.053864941150253795,0.099475,0.76288,
1989-11,0.08571022727272727,1.2590000000000001,0.07,0.0549334208986826,0.097675,0.7652899999999999,
1989-12,0.08776315789473685,1.263,0.07,0.054194687095522595,0.09744,0.7670600000000001,
1990-01,0.08318182272727272,1.275,0.07,0.054384935619813,0.09895,0.7689699999999998,
1990-02,0.08315625,1.28,0.07,0.054244177913771605,0.10197500000000001,0.7705299999999999,
1990-03,0.08414772727272726,1.286,0.07,0.0532499206306337,0.10268,0.7720199999999999,
1990-04,0.08437500526315789,1.2890000000000001,0.07,0.05515351144764839,0.10369999999999999,0.77278,
1990-05,0.08340029999999998,1.291,0.07,0.0544670332399822,0.104775,0.7729600000000001,
1990-06,0.08299107142857143,1.2990000000000002,0.07,0.05363378114695269,0.10164,0.77255,
1990-07,0.08203125,1.305,0.07,0.0558924619398547,0.10035,0.7713500000000001,
1990-08,0.08098721818181817,1.3159999999999998,0.07,0.0573251274620239,0.10100000000000002,0.7700199999999999,
1990-09,0.08188281499999998,1.325,0.07,0.0590218215513005,0.10175000000000001,0.76842,
1990-10,0.0812567956521739,1.334,0.07,0.0592172709943228,0.101775,0.76696,
1990-11,0.08075994545454546,1.337,0.07,0.062388746707620096,0.10013999999999999,0.76373,
1990-12,0.08259046315789473,1.3419999999999999,0.0679,0.0639518721128085,0.09672499999999999,0.76179,
1991-01,0.07230824999999999,1.347,0.065,0.0644325165346026,0.09637499999999999,0.7590899999999998,
1991-02,0.06590625,1.348,0.06,0.0672422360868209,0.09365,0.7573300000000001,
1991-03,0.06571094,1.348,0.06,0.0692067826990175,0.095,0.7557200000000001,
1991-04,0.06139880952380952,1.351,0.059800000000000006,0.0681899031409797,0.094925,0.7556,
1991-05,0.059375,1.3559999999999999,0.055,0.07020013182969481,0.09472,0.75762,
1991-06,0.060824220000000005,1.36,0.055,0.0693746052926377,0.09615,0.75991,
1991-07,0.06019021739130435,1.3619999999999999,0.055,0.0686080193255375,0.09574999999999999,0.76074,
1991-08,0.05751488095238095,1.3659999999999999,0.055,0.0693471661489427,0.09244,0.7609999999999999,
1991-09,0.05601190476190476,1.37,0.052000000000000005,0.0695827359231676,0.090075,0.76188,
1991-10,0.05328464782608695,1.3719999999999999,0.05,0.07083565327439961,0.08855,0.7607300000000002,
1991-11,0.049523809523809526,1.3780000000000001,0.0458,0.07150365042037271,0.08712,0.7602500000000001,
1991-12,0.04929297,1.382,0.041100000000000005,0.07412227528103559,0.08497500000000001,0.76044,
1992-01,0.04188565454545455,1.383,0.035,0.0735963022068717,0.08431999999999999,0.76081,90.67774
1992-02,0.041566405,1.386,0.035,0.075998956060166,0.087625,0.7615000000000001,91.09962999999999
1992-03,0.043352272727272725,1.391,0.035,0.075557875653049,0.08934999999999998,0.7627199999999997,91.89426999999999
1992-04,0.04095703500000001,1.3940000000000001,0.035,0.0746303197875142,0.088525,0.7634000000000001,91.95091000000001
1992-05,0.03883223684210526,1.3969999999999998,0.035,0.0767557685305312,0.08672,0.7639399999999997,91.70911
1992-06,0.0393821,1.401,0.035,0.0783456738825572,0.0851,0.7633,93.02846
1992-07,0.034605978260869565,1.405,0.0302,0.0768854483960901,0.08128,0.76265,93.17153
1992-08,0.034070315,1.4080000000000001,0.03,0.07721646944985269,0.07975,0.7623100000000003,92.97754
1992-09,0.03269886363636364,1.411,0.03,0.0772927365094556,0.079225,0.7624,93.22958
1992-10,0.032244318181818186,1.4169999999999998,0.03,0.074950284161395,0.08088000000000001,0.7637999999999999,93.75540000000001
1992-11,0.03315848571428572,1.421,0.03,0.0757941451782904,0.08305,0.76571,94.0324
1992-12,0.03696800952380953,1.423,0.03,0.075951228134384,0.08206,0.76679,94.38896000000001
1993-01,0.032191405000000006,1.4280000000000002,0.03,0.07304687174398639,0.079925,0.76786,94.20823
1993-02,0.031515625,1.431,0.03,0.072750260317617,0.076825,0.7684100000000003,94.39313
1993-03,0.031875,1.433,0.03,0.0715588952133615,0.07495,0.7687,94.10121
1993-04,0.03163672,1.4380000000000002,0.03,0.0720386937719501,0.07472,0.76936,94.4366
1993-05,0.03147204210526316,1.442,0.03,0.0718350215806013,0.07465,0.7703699999999998,94.97358
1993-06,0.03211647727272727,1.443,0.03,0.0712043747772676,0.07417499999999999,0.77242,94.9728
1993-07,0.03171875,1.445,0.03,0.06984159060539731,0.07206,0.7743099999999999,94.72073
1993-08,0.031875,1.4480000000000002,0.03,0.0688780284804479,0.071125,0.7761399999999997,95.12743
1993-09,0.03165838181818181,1.45,0.03,0.0683297980023847,0.06915,0.7779699999999999,95.9215
1993-10,0.031875,1.456,0.03,0.0697404424668444,0.06834000000000001,0.7794800000000002,95.79333000000001
1993-11,0.03207031363636363,1.46,0.03,0.0669995295534984,0.07155,0.78161,96.81341
1993-12,0.033270080952380945,1.463,0.03,0.0661572506048198,0.07172000000000002,0.78333,96.97812
1994-01,0.031468750000000004,1.463,0.03,0.06687484350741679,0.0706,0.78597,97.00644
1994-02,0.033851565,1.4669999999999999,0.03,0.06632510774379621,0.071525,0.7873399999999999,97.58296999999999
1994-03,0.03623641739130435,1.4709999999999999,0.03,0.0660803772492608,0.07675,0.78861,97.83485
1994-04,0.03839638421052632,1.472,0.03,0.0645815881597205,0.08315999999999998,0.78995,98.14677
1994-05,0.04334374999999999,1.475,0.032400000000000005,0.061290474940586995,0.085975,0.7923,99.23384
1994-06,0.04380681818181818,1.479,0.035,0.0611314315602769,0.08397500000000001,0.7943300000000001,99.03973
1994-07,0.04553943333333334,1.484,0.035,0.061154697828040304,0.08614000000000001,0.79605,99.10073
1994-08,0.046875,1.49,0.037599999999999995,0.061101123465167106,0.085125,0.79791,99.78641999999999
1994-09,0.04931108181818181,1.493,0.04,0.0593507977476443,0.0864,0.79926,99.28280999999998
1994-10,0.05071800476190477,1.494,0.04,0.058644749273653,0.08925000000000001,0.80071,100.23754000000001
1994-11,0.05483665,1.4980000000000002,0.044000000000000004,0.056407820570968,0.0917,0.8015899999999998,100.14943000000001
1994-12,0.06089453000000001,1.501,0.0475,0.0551038695052668,0.09198,0.80304,101.17222
1995-01,0.05928199523809523,1.505,0.0475,0.0562774816795657,0.09147500000000001,0.8043600000000001,101.22023000000002
1995-02,0.06115625499999999,1.5090000000000001,0.0525,0.0545536312465971,0.088275,0.8054399999999999,100.39551
1995-03,0.06125,1.5119999999999998,0.0525,0.054969424098624195,0.08462,0.8061399999999997,100.97684000000001
1995-04,0.06111111111111111,1.518,0.0525,0.058297383189964906,0.0832,0.8067699999999998,100.70562
1995-05,0.060625,1.521,0.0525,0.05692631969078339,0.07955,0.80721,100.96208
1995-06,0.060601918181818176,1.524,0.0525,0.0565100484442318,0.07566,0.8080199999999997,101.98585999999999
1995-07,0.05921317619047619,1.526,0.0525,0.05729165706503139,0.076075,0.8095399999999999,101.44694
1995-08,0.05895241363636364,1.5290000000000001,0.0525,0.0572577063285668,0.0786,0.8112699999999999,101.98360000000001
1995-09,0.058577009523809516,1.531,0.0525,0.056817615574242704,0.07636,0.81325,102.82389
1995-10,0.05867187272727272,1.535,0.0525,0.05598353135869499,0.07475,0.81502,102.4481
1995-11,0.05832031818181818,1.537,0.0525,0.05642040541937861,0.073775,0.8164,102.54199
1995-12,0.05869654736842105,1.5390000000000001,0.0525,0.0562630591697554,0.07200000000000001,0.81758,103.44409999999999
1996-01,0.05584339545454546,1.547,0.0524,0.05707713847353539,0.07029999999999999,0.81857,103.29186
1996-02,0.05329240952380952,1.55,0.05,0.055420139722636506,0.07075000000000001,0.81979,103.34073000000001
1996-03,0.05376488571428571,1.555,0.05,0.05596689466195719,0.07624,0.8221600000000002,103.83136999999999
1996-04,0.054562495,1.561,0.05,0.05590426350370669,0.07925,0.82441,105.42381000000002
1996-05,0.05434151904761904,1.564,0.05,0.05610396918858419,0.08070000000000001,0.8262999999999999,104.98316999999999
1996-06,0.05471484499999999,1.567,0.05,0.05337558643719519,0.0832,0.8277600000000003,105.47718
1996-07,0.05469769130434783,1.57,0.05,0.05521686909236459,0.08245000000000001,0.82955,105.95578000000002
1996-08,0.05424294285714286,1.5719999999999998,0.05,0.0520572499668781,0.08002,0.8311399999999998,106.21169
1996-09,0.05474145238095238,1.577,0.05,0.05261899495217991,0.0823,0.8328399999999998,106.63426000000001
1996-10,0.05386039565217391,1.5819999999999999,0.05,0.05274331192837731,0.07915,0.83404,107.44748
1996-11,0.05392857142857143,1.587,0.05,0.0540784967034487,0.07618,0.8357899999999999,107.60196000000002
1996-12,0.056046885,1.591,0.05,0.053658136424790594,0.075975,0.8374700000000002,107.12031
1997-01,0.05459695,1.594,0.05,0.053669325066198696,0.07824,0.8398100000000003,107.12745000000001
1997-02,0.054080079999999996,1.597,0.05,0.053031660612414294,0.0765,0.8420700000000002,108.82379999999999
1997-03,0.05512129999999999,1.598,0.05,0.05251528761064031,0.078975,0.8447499999999999,108.67323
1997-04,0.056875,1.599,0.05,0.0507932971233192,0.081425,0.8465100000000002,109.74566
1997-05,0.056919924999999996,1.599,0.05,0.049417374000834895,0.07944,0.8489200000000002,109.34094999999999
1997-06,0.06042411904761904,1.6019999999999999,0.05,0.0503002834378485,0.0769,0.8511200000000002,110.43383
1997-07,0.05667120434782609,1.604,0.05,0.049165884172927096,0.074975,0.8536200000000003,110.87185
1997-08,0.056355465000000014,1.608,0.05,0.04884960674763031,0.07479999999999999,0.85603,111.20873
1997-09,0.0565625,1.6119999999999999,0.05,0.049263608004943206,0.0743,0.8588,111.63546000000001
1997-10,0.0563926652173913,1.615,0.05,0.047635446166144596,0.07293999999999999,0.86176,111.89411
1997-11,0.05706640500000001,1.617,0.05,0.0463605590584859,0.07205,0.86661,111.71566999999999
1997-12,0.05951823333333332,1.618,0.05,0.0471734513685915,0.07095000000000001,0.8712100000000003,112.69649
1998-01,0.05623140952380952,1.62,0.05,0.0474664312909563,0.06994,0.87649,112.05302999999999
1998-02,0.056294925,1.62,0.05,0.046681402033052405,0.070425,0.88039,113.59118000000001
1998-03,0.056869668181818184,1.62,0.05,0.0478358942345072,0.07127499999999999,0.8847399999999997,113.98931
1998-04,0.056589845,1.6219999999999999,0.05,0.0433654378597186,0.0714,0.8890899999999998,113.84593000000001
1998-05,0.056517268421052626,1.626,0.05,0.04422111761586019,0.07144,0.8939399999999997,114.03456
1998-06,0.05657492727272727,1.6280000000000001,0.05,0.045808846873002594,0.06997500000000001,0.89874,115.04556999999998
1998-07,0.0565625,1.632,0.05,0.045750845576294094,0.06952000000000001,0.90339,114.96947
1998-08,0.05648633,1.6340000000000001,0.05,0.0453795525995345,0.06922500000000001,0.90814,115.48143
1998-09,0.055609013636363634,1.635,0.05,0.04600935073732901,0.06722500000000001,0.9128700000000001,116.95843
1998-10,0.05312621818181818,1.639,0.048600000000000004,0.045580832948828795,0.0671,0.91744,117.49856000000001
1998-11,0.0522846,1.641,0.0463,0.044000150800139505,0.06865,0.9222499999999999,117.92381999999999
1998-12,0.05528937142857144,1.6440000000000001,0.045,0.0431948327532408,0.06738,0.92735,117.68956
1999-01,0.049785315,1.6469999999999998,0.045,0.0435786336772086,0.06785000000000001,0.93239,118.01610000000001
1999-02,0.04939814500000002,1.6469999999999998,0.045,0.044269712508727306,0.068075,0.93703,118.65993
1999-03,0.049448104347826094,1.6480000000000001,0.045,0.0426073449715114,0.0704,0.94247,119.25613000000001
1999-04,0.04920719,1.659,0.045,0.0432478774818227,0.06916,0.94816,119.30872
1999-05,0.04913550000000002,1.66,0.045,0.041785651999552594,0.07145,0.9537399999999999,119.77046
1999-06,0.05038579545454546,1.66,0.045,0.0430169235974019,0.0755,0.96005,119.78941999999999
1999-07,0.05180349545454546,1.6669999999999998,0.045,0.0432889910281817,0.07632,0.9662099999999999,120.96860000000001
1999-08,0.05285268095238096,1.671,0.045599999999999995,0.0421861611048042,0.079425,0.97249,120.85791
1999-09,0.05382045454545453,1.6780000000000002,0.0475,0.0426162707121978,0.078225,0.97894,121.55819
1999-10,0.05410041904761903,1.681,0.0475,0.0416026640981969,0.07851999999999999,0.9855700000000001,122.28549
1999-11,0.05579772727272729,1.6840000000000002,0.048600000000000004,0.0410088314158676,0.077375,0.9918899999999999,123.11598999999998
1999-12,0.064050625,1.6880000000000002,0.05,0.040453705799501805,0.07912000000000001,0.99875,124.28674
2000-01,0.058088125000000004,1.693,0.05,0.04071238808308279,0.08209999999999999,1.00556,122.91468
2000-02,0.058897023809523795,1.7,0.0524,0.041134454849148405,0.08325,1.01341,123.60775
2000-03,0.06050652173913042,1.71,0.053399999999999996,0.0409729525309956,0.0824,1.02127,124.23961000000001
2000-04,0.06149583333333335,1.709,0.055,0.0385111112179115,0.081525,1.0292400000000002,125.84088
2000-05,0.06544047619047619,1.712,0.0571,0.040441494740967705,0.08514999999999999,1.03679,125.73803999999998
2000-06,0.06649261818181819,1.722,0.06,0.0401008221858335,0.08288000000000001,1.04425,126.18393999999998
2000-07,0.06626875238095238,1.7269999999999999,0.06,0.0405809995907358,0.081475,1.05054,125.29270000000001
2000-08,0.06620625000000001,1.7269999999999999,0.06,0.041527611222351705,0.080275,1.05768,126.45187
2000-09,0.06621013333333335,1.736,0.06,0.039545738321066094,0.07912000000000001,1.06538,126.47038
2000-10,0.06619858181818185,1.739,0.06,0.039159468340337095,0.07795,1.07382,126.82479
2000-11,0.06636181818181817,1.742,0.06,0.039785834728850604,0.07745,1.0829900000000001,126.90507
2000-12,0.06690526315789473,1.746,0.06,0.039452064392564205,0.07382000000000001,1.09134,126.64059999999999
2001-01,0.05873409545454544,1.756,0.0552,0.042568707520178994,0.07032500000000001,1.09851,126.61631000000001
2001-02,0.055217815,1.76,0.05,0.042666694748846996,0.0705,1.10504,126.35761999999998
2001-03,0.05129829545454546,1.761,0.0481,0.0436563775754708,0.06952000000000001,1.1111199999999999,126.31806
2001-04,0.0480453947368421,1.764,0.042800000000000005,0.0443884284993791,0.070775,1.11652,126.93652
2001-05,0.04157440476190478,1.7730000000000001,0.0373,0.043950671740658004,0.07145,1.12164,127.61018999999999
2001-06,0.03911845238095238,1.777,0.0347,0.04593898361608651,0.07160000000000001,1.12798,126.75608
2001-07,0.038159945454545464,1.774,0.0325,0.04603945740269969,0.071275,1.1349500000000001,126.41964
2001-08,0.03635965909090909,1.774,0.0316,0.0497845052268807,0.0695,1.14171,127.73162
2001-09,0.031549065,1.781,0.0277,0.05005267415692651,0.068175,1.14814,125.94511
2001-10,0.02479755652173913,1.776,0.0202,0.0540797904582268,0.066175,1.1531,126.93171999999998
2001-11,0.021252845454545453,1.775,0.0158,0.05604296723439701,0.06658,1.15855,126.14722
2001-12,0.019536189473684212,1.774,0.013300000000000001,0.057541472225897,0.07065,1.16449,128.07474
2002-01,0.018039772727272724,1.777,0.0125,0.057874389531437996,0.06997500000000001,1.17146,128.54551
2002-02,0.018493125000000003,1.78,0.0125,0.0574041600209163,0.06892499999999999,1.17847,127.73943000000001
2002-03,0.018931249999999997,1.785,0.0125,0.05883227892229071,0.07014000000000001,1.1869,128.37823
2002-04,0.0185702380952381,1.7930000000000001,0.0125,0.0602284707485898,0.06985000000000001,1.19614,128.80737
2002-05,0.018403409090909095,1.795,0.0125,0.0583818604389516,0.06806,1.20726,128.6976
2002-06,0.01839687777777778,1.796,0.0125,0.05842054800519871,0.0665,1.21814,129.28073999999998
2002-07,0.018331795652173917,1.8,0.0125,0.058233777271927405,0.06485,1.22888,129.87089
2002-08,0.017978571428571427,1.805,0.0125,0.0579836024886824,0.0629,1.23831,129.27790000000002
2002-09,0.01816399523809524,1.808,0.0125,0.05696867312865,0.06092499999999999,1.24779,129.51883999999998
2002-10,0.0180375,1.8119999999999998,0.0125,0.05781840206583639,0.061125,1.25733,129.09867
2002-11,0.014386909523809522,1.815,0.0083,0.059937243690311205,0.06068,1.26666,129.51657
2002-12,0.014202189999999998,1.818,0.0075,0.06026612875658361,0.060475,1.27617,130.29815
2003-01,0.013615340909090907,1.8259999999999998,0.0225,0.059256136812948605,0.05916,1.28462,129.90021000000002
2003-02,0.013389374999999997,1.8359999999999999,0.0225,0.0595676553639969,0.05842499999999999,1.29356,130.73271
2003-03,0.013033042857142857,1.839,0.0225,0.05981004660748071,0.05745,1.3015100000000002,130.29849
2003-04,0.013127660000000003,1.8319999999999999,0.0225,0.0614213357768361,0.058125,1.30887,131.10007
2003-05,0.013150320000000002,1.829,0.0225,0.06157934859728769,0.05484,1.31737,131.01364999999998
2003-06,0.011620238095238095,1.831,0.02,0.0633897228143053,0.052300000000000006,1.3265,132.44769
2003-07,0.011055443478260873,1.837,0.02,0.0617024454228559,0.056325,1.33776,132.99823
2003-08,0.011108439999999997,1.845,0.02,0.061148349745858394,0.06264,1.34968,133.67885
2003-09,0.011200000000000009,1.851,0.02,0.0613880776631808,0.061475,1.3629399999999998,134.49266
2003-10,0.011200000000000009,1.849,0.02,0.0605598809692842,0.059519999999999997,1.37534,134.67668
2003-11,0.011246250000000005,1.85,0.02,0.0595956756948459,0.05932500000000001,1.3879599999999999,135.49643
2003-12,0.01153125238095238,1.855,0.02,0.057825721835953095,0.05875999999999999,1.40182,135.68653
2004-01,0.011042857142857148,1.8630000000000002,0.02,0.057985912931837094,0.057125,1.4165100000000002,135.0243
2004-02,0.010952190000000002,1.867,0.02,0.056645360259667994,0.05635,1.43197,136.17576
2004-03,0.01092282608695652,1.871,0.02,0.0585799769589701,0.054450000000000005,1.45065,136.99252
2004-04,0.010990000000000002,1.874,0.02,0.056532452952069996,0.0583,1.46595,136.67466000000002
2004-05,0.011012499999999998,1.882,0.02,0.05632349748172049,0.0627,1.48187,137.71963
2004-06,0.012502272727272728,1.889,0.0225,0.0564243468762934,0.062875,1.49851,136.79167999999999
2004-07,0.014122740909090907,1.891,0.0225,0.05555682393943599,0.06056,1.5133700000000005,138.11572
2004-08,0.01595833333333333,1.892,0.025,0.054474054474710404,0.058675,1.5263499999999999,138.37909
2004-09,0.017844318181818187,1.8980000000000001,0.0275,0.0543124539324525,0.057539999999999994,1.54179,138.42848999999998
2004-10,0.01900744285714286,1.9080000000000001,0.0275,0.0551534052203295,0.057225,1.5575,139.40362
2004-11,0.021298018181818184,1.9169999999999998,0.03,0.054590278869019196,0.057300000000000004,1.5752700000000004,139.4249
2004-12,0.02389494761904762,1.9169999999999998,0.0325,0.0545893545052232,0.057519999999999995,1.5933199999999998,139.68114
2005-01,0.024953440000000004,1.916,0.0325,0.0530576409949837,0.0571,1.61293,141.06923
2005-02,0.026116879999999995,1.9240000000000002,0.035,0.05430086455370639,0.056275000000000006,1.63351,140.68926000000002
2005-03,0.0281003,1.931,0.0375,0.052610659302967905,0.05928,1.65821,141.21407
2005-04,0.02976697142857143,1.9369999999999998,0.0375,0.0523440720491247,0.058550000000000005,1.6750200000000002,141.60829999999999
2005-05,0.03093625500000001,1.936,0.04,0.0519031866611573,0.05720000000000001,1.6935,141.23309
2005-06,0.0324983,1.9369999999999998,0.0425,0.0508870142057841,0.05582,1.7118900000000006,142.33986000000002
2005-07,0.03416578095238095,1.949,0.0425,0.0502789080904203,0.05695,1.7286000000000001,142.67289
2005-08,0.03601876363636364,1.9609999999999999,0.045,0.049502542423943495,0.0582,1.7444499999999998,143.17892
2005-09,0.037817631818181825,1.9880000000000002,0.0475,0.051012530799527805,0.05774,1.7643900000000006,142.90015
2005-10,0.039915366666666674,1.9909999999999999,0.0475,0.049869545116291,0.060649999999999996,1.7803,143.02524
2005-11,0.04154290454545454,1.9809999999999999,0.05,0.051319330780137805,0.0633,1.7968400000000002,143.56661
2005-12,0.04362157,1.9809999999999999,0.0525,0.0493499478845727,0.06272,1.8091300000000001,144.6104
2006-01,0.04488054761904761,1.993,0.055,0.0475069627023095,0.061450000000000005,1.8232300000000001,145.04602
2006-02,0.04578551,1.994,0.055,0.0486543578503052,0.062525,1.8329,145.10691
2006-03,0.04760368695652175,1.9969999999999999,0.0575,0.047530073356382194,0.06324,1.8437000000000001,146.22917999999999
2006-04,0.049190288888888885,2.0069999999999997,0.0575,0.0481235470006179,0.06507500000000001,1.8433099999999998,145.53892
2006-05,0.0508116619047619,2.013,0.06,0.0470580708759527,0.065975,1.8415899999999998,146.18493999999998
2006-06,0.05245544545454545,2.0180000000000002,0.0625,0.046999373999658804,0.06681999999999999,1.83512,145.96303999999998
2006-07,0.05372133333333334,2.029,0.0625,0.0480538002031938,0.067625,1.83077,145.53839
2006-08,0.053455981818181814,2.0380000000000003,0.0625,0.04693972330290969,0.06523999999999999,1.82606,145.9338
2006-09,0.05328321904761904,2.028,0.0625,0.04596733780053269,0.06402499999999998,1.8280699999999999,146.60712
2006-10,0.05320170454545453,2.019,0.0625,0.044462583737735,0.06357499999999999,1.8320599999999998,146.68246000000002
2006-11,0.05322699090909088,2.02,0.0625,0.045644970345387004,0.062400000000000004,1.8361500000000002,147.50428999999997
2006-12,0.05347237368421051,2.031,0.0625,0.0452251167408908,0.061349999999999995,1.84143,147.32128999999998
2007-01,0.053200286363636336,2.03437,0.0625,0.04667228479502541,0.062175,1.8452099999999998,146.95518
2007-02,0.053199999999999976,2.04226,0.0625,0.046077958140747104,0.06285,1.84602,147.87997
2007-03,0.05319960454545452,2.05288,0.0625,0.04447390819931879,0.061560000000000004,1.8415700000000002,146.9453
2007-04,0.053199999999999976,2.0590400000000004,0.0625,0.0456703754535974,0.06180000000000001,1.8301699999999999,148.24712
2007-05,0.053199999999999976,2.0675499999999998,0.0625,0.044989689209040895,0.06262000000000001,1.81609,148.4477
2007-06,0.053199999999999976,2.07234,0.0625,0.046092916973364595,0.06657500000000001,1.8026200000000001,148.46483
2007-07,0.05319999999999997,2.07603,0.0625,0.046919044038953805,0.06695000000000001,1.7912299999999999,148.39165
2007-08,0.05497301363636363,2.07667,0.0575,0.04666887338885481,0.06572,1.7812900000000005,149.69293
2007-09,0.05492656499999999,2.08547,0.0525,0.04781164310024941,0.063825,1.7756799999999995,150.06955
2007-10,0.049814134782608696,2.0919,0.05,0.047591812968222194,0.06375,1.7663499999999999,149.39027
2007-11,0.04767160909090909,2.10834,0.05,0.047672915921172405,0.06208,1.75158,149.98304
2007-12,0.050172378947368416,2.1144499999999997,0.0475,0.0504936531864392,0.060950000000000004,1.7435,150.37911
2008-01,0.03909091818181818,2.12174,0.035,0.049913605711082595,0.057580000000000006,1.73141,150.22486
2008-02,0.031367571428571425,2.1268700000000003,0.035,0.04925921541862371,0.059175000000000005,1.7155099999999999,147.93925
2008-03,0.028065468421052637,2.13448,0.025,0.0511078859133474,0.0597,1.7006400000000006,148.51942
2008-04,0.027854127272727278,2.13942,0.0225,0.050612804903643595,0.059175000000000005,1.68345,148.70808
2008-05,0.025059385,2.1520799999999998,0.0225,0.055355198621355205,0.06036,1.66667,148.93412
2008-06,0.02470389047619048,2.17463,0.0225,0.056302053194871506,0.06319999999999999,1.6502900000000003,151.25301000000002
2008-07,0.024600556521739134,2.19016,0.0225,0.05879500741631171,0.06426,1.63585,149.81595
2008-08,0.024681589999999996,2.1869,0.0225,0.061563295761223207,0.06477499999999999,1.6200700000000001,149.0391
2008-09,0.029270190909090908,2.18877,0.0225,0.0627472323572361,0.060375,1.60322,147.89142
2008-10,0.03809619565217392,2.16995,0.0125,0.06593136106108531,0.062,1.58335,146.43326000000002
2008-11,0.01621,2.1315299999999997,0.0125,0.0690484714131125,0.06087499999999999,1.5614600000000005,146.69401000000002
2008-12,0.01082559523809524,2.1139799999999997,0.005,0.07465756686324719,0.05286,1.53623,144.18039
2009-01,0.0038339428571428575,2.1193299999999997,0.005,0.07917176879834971,0.05047499999999999,1.5151599999999998,144.06595
2009-02,0.004627825,2.12705,0.005,0.08406301530409581,0.0513,1.50029,143.67806000000002
2009-03,0.0053248863636363615,2.12495,0.005,0.08843520476182722,0.05002499999999999,1.4867400000000002,143.50683999999998
2009-04,0.0044997050000000005,2.12709,0.005,0.0914274737744971,0.048100000000000004,1.4796200000000004,143.52732
2009-05,0.0034194263157894737,2.13022,0.005,0.095096729867406,0.048575,1.4771,143.66808
2009-06,0.00316195,2.1479,0.005,0.09512462002093419,0.0542,1.4810299999999996,143.47033000000002
2009-07,0.0029070782608695655,2.14726,0.005,0.09509403737342788,0.052219999999999996,1.48424,143.47443
2009-08,0.002703985,2.1544499999999998,0.005,0.09711842214633279,0.051925,1.48286,144.34921
2009-09,0.0024729681818181815,2.15861,0.005,0.0997582284719952,0.050575,1.48033,144.25073
2009-10,0.002443313636363637,2.16509,0.005,0.101632456595953,0.04952,1.47859,145.97802
2009-11,0.0023782666666666667,2.17234,0.005,0.100105690201858,0.04875,1.4814500000000002,145.59768
2009-12,0.0023288904761904765,2.17347,0.005,0.10083711893790501,0.049300000000000004,1.4794100000000001,144.68203000000003
2010-01,0.0023159750000000005,2.17488,0.005,0.0989042503510313,0.05029999999999999,1.47394,145.45888000000002
2010-02,0.002290634999999999,2.1728099999999997,0.0075,0.09913562743310571,0.0499,1.4564,145.82843
2010-03,0.0023731173913043484,2.17353,0.0075,0.100367546777515,0.049675,1.4586000000000001,146.85586999999998
2010-04,0.0025974550000000007,2.17403,0.0075,0.10138484516057698,0.05098,1.4638900000000001,147.26873
2010-05,0.003354642105263158,2.1729,0.0075,0.0985448124128318,0.048875,1.46376,147.40551000000002
2010-06,0.003487363636363637,2.17199,0.0075,0.09515238630058949,0.047375,1.45701,147.70421
2010-07,0.0033412136363636367,2.17605,0.0075,0.09505533957903779,0.04564,1.44969,148.32186000000002
2010-08,0.0027546238095238094,2.17923,0.0075,0.09619349807283062,0.044275,1.4388800000000002,148.21568000000002
2010-09,0.0025699454545454535,2.18275,0.0075,0.0967054453385655,0.04346,1.4299600000000001,148.82667
2010-10,0.0025605714285714285,2.19035,0.0075,0.0966602002055628,0.04225,1.42517,149.49785
2010-11,0.0025419227272727267,2.1959,0.0075,0.0986491236758477,0.04300000000000001,1.42167,148.97879
2010-12,0.002617885714285714,2.20472,0.0075,0.09565377016495552,0.04714,1.42058,149.69438
2011-01,0.002606254999999999,2.2118700000000002,0.0075,0.0922447081706591,0.04755,1.4152700000000005,148.32178
2011-02,0.0026292499999999996,2.21898,0.0075,0.09145485602117409,0.049525,1.4036700000000002,147.99265
2011-03,0.0025328478260869557,2.23046,0.0075,0.0909306136239044,0.04836,1.3999000000000001,150.12438999999998
2011-04,0.0022143500000000003,2.24093,0.0075,0.09263926373632661,0.048400000000000006,1.40004,150.51229
2011-05,0.0019780049999999997,2.2480599999999997,0.0075,0.0920373421014235,0.04637499999999999,1.39893,149.90402
2011-06,0.0018716409090909093,2.2480599999999997,0.0075,0.09165083525663359,0.0451,1.39846,149.2721
2011-07,0.0018661904761904766,2.25395,0.0075,0.09048252693007539,0.04545,1.3971500000000001,150.077
2011-08,0.0021116590909090903,2.26106,0.0075,0.0909565390499192,0.0427,1.39293,150.86924
2011-09,0.0023085045454545455,2.2659700000000003,0.0075,0.09174493131214721,0.04106,1.3865399999999999,149.6918
2011-10,0.0024373904761904757,2.2675,0.0075,0.0900540479062606,0.04067500000000001,1.3793799999999998,152.54588999999999
2011-11,0.0025364636363636372,2.27169,0.0075,0.0870584444528967,0.039925,1.37136,151.71068000000002
2011-12,0.002836085,2.27223,0.0075,0.08699387147088519,0.03958,1.36659,151.45658
2012-01,0.0028289523809523816,2.27842,0.0075,0.0835131645133302,0.03915,1.3660299999999999,152.20510000000002
2012-02,0.002500238095238095,2.28329,0.0075,0.08372972613918579,0.0389,1.36549,153.80469
2012-03,0.0024185227272727275,2.2880700000000003,0.0075,0.08313101149531618,0.03954,1.37923,152.72268999999997
2012-04,0.0023982894736842095,2.2918700000000003,0.0075,0.0829243070516744,0.0391,1.39172,153.40403
2012-05,0.0023893181818181804,2.28713,0.0075,0.08309917208158468,0.03798000000000001,1.40166,153.59559
2012-06,0.0024319736842105264,2.28524,0.0075,0.08216862957981849,0.03675,1.4103299999999999,153.87411
2012-07,0.0024646136363636363,2.2859,0.0075,0.0823059751549733,0.0355,1.41657,154.30005
2012-08,0.0023783863636363633,2.2991800000000002,0.0075,0.0815091807400556,0.036019999999999996,1.4228299999999998,153.1558
2012-09,0.002213375,2.3101499999999997,0.0075,0.0791131295459149,0.034975,1.4291800000000001,153.96871000000002
2012-10,0.002134652173913043,2.31638,0.0075,0.0799785371453528,0.033825,1.4361199999999998,152.97191
2012-11,0.002088863636363636,2.3124900000000004,0.0075,0.0783813114757721,0.033519999999999994,1.44597,153.66818
2012-12,0.0021092631578947373,2.31221,0.0075,0.08063358778188809,0.03345,1.45516,154.88936
2013-01,0.0020497272727272725,2.31679,0.0075,0.0801990328920191,0.034140000000000004,1.46851,155.49113
2013-02,0.0020129999999999996,2.32937,0.0075,0.0776435924358389,0.035324999999999995,1.47822,154.34591999999998
2013-03,0.0020345,2.32282,0.0075,0.07578115692109572,0.03565,1.50001,154.92205
2013-04,0.0019953333333333333,2.31797,0.0075,0.0766446723393083,0.03445,1.5155500000000002,155.3493
2013-05,0.001967095238095238,2.31893,0.0075,0.0770703885819432,0.03536,1.5287799999999998,154.47715
2013-06,0.0019319250000000001,2.32445,0.0075,0.07660315528556731,0.0407,1.54189,155.82326999999998
2013-07,0.0019111913043478265,2.329,0.0075,0.07465897876949179,0.0437,1.5555700000000003,156.04044
2013-08,0.001840704761904762,2.3345599999999997,0.0075,0.0737346228257936,0.04456,1.5697899999999996,156.74133
2013-09,0.0018057476190476195,2.33544,0.0075,0.0735134799286448,0.0449,1.5824600000000002,156.4617
2013-10,0.0017241521739130433,2.33669,0.0075,0.0738822195107028,0.04192,1.59265,157.32083
2013-11,0.001672714285714286,2.3409999999999997,0.0075,0.0707382354629058,0.04255,1.60101,158.41499
2013-12,0.0016722999999999998,2.3471900000000003,0.0075,0.06833108088985321,0.044575,1.61036,158.08620000000002
2014-01,0.0015970909090909091,2.35347,0.0075,0.0664696399602562,0.044320000000000005,1.62004,157.03791999999999
2014-02,0.00155105,2.35522,0.0075,0.0677667403028195,0.043025,1.62627,157.66286
2014-03,0.0015488333333333335,2.35956,0.0075,0.0677031400109356,0.043425000000000005,1.63183,158.03116000000003
2014-04,0.0015170000000000001,2.36463,0.0075,0.0632688878139621,0.043375000000000004,1.6347200000000002,158.74715
2014-05,0.0015035749999999998,2.3686700000000003,0.0075,0.063976002486412,0.04192,1.63714,159.45680000000002
2014-06,0.001523738095238095,2.37188,0.0075,0.061801977888378205,0.041624999999999995,1.6400599999999996,159.87633
2014-07,0.0015438695652173914,2.3748500000000003,0.0075,0.06285384432942599,0.041299999999999996,1.6445400000000001,160.91238
2014-08,0.0015601999999999999,2.37439,0.0075,0.06170235637933559,0.04115,1.65225,161.98219
2014-09,0.0015410454545454544,2.37452,0.0075,0.0602374890196947,0.041624999999999995,1.6592700000000005,161.29628
2014-10,0.0015351739130434782,2.37447,0.0075,0.0587424459909138,0.04036000000000001,1.66674,162.01314
2014-11,0.0015480749999999999,2.37042,0.0075,0.05871934808468961,0.039975000000000004,1.6738299999999995,162.34402
2014-12,0.0016305,2.3627000000000002,0.0075,0.05678265838084849,0.03864,1.6812799999999999,162.25392
2015-01,0.0016807857142857143,2.34836,0.0075,0.0574316948797333,0.036699999999999997,1.6876499999999999,163.28114
2015-02,0.0017207499999999998,2.35274,0.0075,0.05557076298130371,0.0371,1.69292,163.94457
2015-03,0.0017560000000000004,2.35956,0.0075,0.055426276493644205,0.0377,1.6996700000000002,163.27676000000002
2015-04,0.0018076750000000003,2.36165,0.0075,0.055176884730645186,0.03672,1.7045500000000002,164.28113000000002
2015-05,0.001842289473684211,2.36952,0.0075,0.05679884908607611,0.0384,1.7099200000000006,164.3583
2015-06,0.001858840909090909,2.3761799999999997,0.0075,0.0535713168954802,0.039825,1.71354,165.18956999999997
2015-07,0.0018815869565217392,2.37993,0.0075,0.0534782074333281,0.04046,1.7191299999999996,164.74898999999996
2015-08,0.001967275,2.37989,0.0075,0.0514004537702625,0.03905,1.72933,165.10264999999998
2015-09,0.0020107727272727274,2.37467,0.0075,0.0506965927257748,0.0389,1.73857,165.97817999999998
2015-10,0.0019451136363636365,2.37764,0.0075,0.05164509353974869,0.037959999999999994,1.74864,165.39156000000003
2015-11,0.0020844761904761913,2.38072,0.0075,0.0514952318557697,0.039425,1.7585,165.28631000000001
2015-12,0.003523071428571429,2.37827,0.01,0.0510151893334738,0.03964,1.76701,165.75258000000002
2016-01,0.0042545,2.3799,0.01,0.0495604792723526,0.038725,1.7750099999999995,165.58456
2016-02,0.00431297619047619,2.3753200000000003,0.01,0.049879065032803795,0.0366,1.77916,164.9625
2016-03,0.004363952380952381,2.38022,0.01,0.050944276045382805,0.03694,1.78435,166.60207
2016-04,0.004373976190476192,2.38843,0.01,0.050952990792237696,0.03605,1.7902500000000001,166.96703999999997
2016-05,0.004424947368421053,2.39439,0.01,0.0488936429545308,0.036000000000000004,1.7960299999999996,166.34301
2016-06,0.0045270909090909086,2.4007400000000003,0.01,0.049660668434387094,0.03568,1.79903,166.59666
2016-07,0.0048288333333333325,2.4005799999999997,0.01,0.04904096042261,0.03440000000000001,1.80505,166.86561999999998
2016-08,0.005122418181818182,2.4056900000000003,0.01,0.0493098613673862,0.03435,1.8183900000000002,168.00080000000003
2016-09,0.0052700181818181825,2.41017,0.01,0.05015605742973309,0.0346,1.8289099999999998,168.47776000000002
2016-10,0.005307795238095238,2.41667,0.01,0.0494667191654307,0.0347,1.8391300000000002,167.27166
2016-11,0.005631090909090911,2.42081,0.01,0.04726191463405599,0.0377,1.84998,169.07772
2016-12,0.007119585,2.42784,0.0125,0.04747879623631429,0.04198,1.8603200000000002,169.19325
2017-01,0.007713747619047617,2.44028,0.0125,0.04816584764734269,0.0415,1.8721,168.54336999999998
2017-02,0.007767084999999999,2.44102,0.0125,0.0468116734353433,0.041675000000000004,1.8779499999999998,168.85398
2017-03,0.009286352173913045,2.43717,0.015,0.0448232446583557,0.04196,1.88511,169.69991000000002
2017-04,0.009906858823529412,2.4408700000000003,0.015,0.0442454013106922,0.04045,1.8925299999999998,169.02089
2017-05,0.010114261904761905,2.43911,,0.04405691052660799,0.0401,1.89981,170.58223999999998
2017-06,0.011714068181818183,2.4403200000000003,,0.0437960072159005,0.03904,1.9032200000000001,171.3294
2017-07,0.012280366666666667,2.44236,,0.0441852958411827,0.039674999999999995,1.9102199999999998,171.12918000000002
2017-08,0.012317690909090908,2.45262,,0.044653831574601295,0.0388,1.9262799999999998,171.60174999999998
2017-09,0.0123492,2.46392,,0.042569098306822296,0.03805,1.93844,172.18643
2017-10,0.012385486363636362,2.46583,,0.041190987072999105,0.03895,1.95065,171.98244
2017-11,0.012878790909090911,2.4741099999999996,,0.0419080393798948,0.03922,1.9630699999999999,173.09881000000001
2017-12,0.014850410526315791,2.4791,,0.041442560529136196,0.0395,1.9758799999999999,173.5144
2018-01,0.01561088181818182,2.49245,,0.04191387437279911,0.04032500000000001,1.9885400000000002,173.33609
2018-02,0.016018225,2.4961900000000004,,0.0418068468933645,0.0433,1.99891,173.85141
2018-03,0.017991309523809524,2.4946200000000003,,0.0409054946198821,0.04444000000000001,2.00697,174.11662
2018-04,0.01896724,2.50013,,0.0401747232921388,0.04467499999999999,2.01373,175.2143
2018-05,0.0194629,2.50535,,0.038323807281951,0.045860000000000005,2.0218000000000003,176.09322
2018-06,0.02068429047619047,2.50857,,0.04061932354403561,0.045700000000000005,,175.71546
2018-07,0.020794023529411763,,,,0.045274999999999996,,
